id,line,section,subsection,todo_checked,priority,task,repo_status,owner,evidence_paths,audit_note,pr_bucket,rank_score
TODO-001,35,0. Production Definition of Done,0.1 Non-negotiable production gate,x,critical,"Publish a first tagged release, e.g. `v0.1.0-beta`, only after all mandatory CI jobs pass on the canonical production branch.",Done,devops,.env.example; alembic.ini; CHANGELOG.md; CODE_OF_CONDUCT.md; CONTRIBUTING.md; docker-compose.prod.yml; docker-compose.yml; EduBoost_Technical_Status_Report.md,TODO checked and supporting evidence found.,none,110
TODO-002,36,0. Production Definition of Done,0.1 Non-negotiable production gate,x,critical,"Confirm the release workflow blocks production promotion unless the following pass: backend lint, backend type check, backend unit tests, backend integration tests, Alembic schema drift check, POPIA compliance tests, frontend tests, frontend type check, frontend build, Playwright E2E tests, Docker image scan, dependency audit, secret scan, and staging smoke tests.",Done,frontend,.env.example; .pre-commit-config.yaml; alembic.ini; CHANGELOG.md; CONTRIBUTING.md; docker-compose.prod.yml; docker-compose.yml; EduBoost_Technical_Status_Report.md,TODO checked and supporting evidence found.,none,130
TODO-003,37,0. Production Definition of Done,0.1 Non-negotiable production gate,x,critical,"Generate a release evidence bundle containing backend image digest, frontend build/image digest, migration revision, changelog entry, SBOM, test reports, coverage reports, security scan reports, and deployment manifest.",Done,frontend,.env.example; CHANGELOG.md; CODE_OF_CONDUCT.md; CONTRIBUTING.md; docker-compose.prod.yml; docker-compose.yml; EduBoost_Technical_Status_Report.md; LLM_Integration_Roadmap.md,TODO checked and supporting evidence found.,none,130
TODO-004,38,0. Production Definition of Done,0.1 Non-negotiable production gate,x,critical,Add `docs/release_checklist.md` and require it for every tagged release.,Done,backend/product,.env.example; CHANGELOG.md; CONTRIBUTING.md; EduBoost_Technical_Status_Report.md; LLM_Integration_Roadmap.md; pytest.ini; README.md; requirements-dev.txt,TODO checked and supporting evidence found.,none,110
TODO-005,39,0. Production Definition of Done,0.1 Non-negotiable production gate,x,critical,"Define production launch scope precisely: supported grades, supported subjects, supported lesson types, supported diagnostic flows, supported languages, supported payment modes, and unsupported features.",Done,devops,.pre-commit-config.yaml; CHANGELOG.md; CODE_OF_CONDUCT.md; EduBoost_Technical_Status_Report.md; LLM_Integration_Roadmap.md; playwright.config.ts; README.md; RoadMap.md,TODO checked and supporting evidence found.,none,110
TODO-006,40,0. Production Definition of Done,0.1 Non-negotiable production gate,x,critical,"Avoid claiming full CAPS coverage until every claimed topic has validated lessons, diagnostic items, answer keys, and review status.",Done,ai/curriculum/backend,.env.example; CHANGELOG.md; CONTRIBUTING.md; EduBoost_Technical_Status_Report.md; LLM_Integration_Roadmap.md; playwright.config.ts; pytest.ini; README.md,TODO checked and supporting evidence found.,none,110
TODO-007,44,0. Production Definition of Done,"0.2 Health, readiness, and runtime acceptance",x,critical,`/health` returns `200` when the API process is alive.,Done,backend/product,.env.example; CHANGELOG.md; docker-compose.prod.yml; docker-compose.yml; EduBoost_Technical_Status_Report.md; LLM_Integration_Roadmap.md; playwright.config.ts; RoadMap.md,TODO checked and supporting evidence found.,none,110
TODO-008,45,0. Production Definition of Done,"0.2 Health, readiness, and runtime acceptance",x,critical,"`/ready` returns `200` only when PostgreSQL, Redis, migrations, audit repository, critical secrets, and core background-job dependencies are available.",Done,security/backend,.env.example; .pre-commit-config.yaml; alembic.ini; CHANGELOG.md; CONTRIBUTING.md; docker-compose.prod.yml; docker-compose.yml; EduBoost_Technical_Status_Report.md,TODO checked and supporting evidence found.,none,130
TODO-009,46,0. Production Definition of Done,"0.2 Health, readiness, and runtime acceptance",x,critical,`/ready` returns `503` with structured non-sensitive diagnostics when dependencies are unavailable.,Done,ai/curriculum/backend,CHANGELOG.md; docker-compose.prod.yml; docker-compose.yml; EduBoost_Technical_Status_Report.md; README.md; SECURITY.md; app/api_v2.py; bicep/container_apps.bicep,TODO checked and supporting evidence found.,none,130
TODO-010,47,0. Production Definition of Done,"0.2 Health, readiness, and runtime acceptance",x,critical,"Add tests for `/health`, `/ready`, `/metrics`, `/docs`, and `/openapi.json` in local, CI, and staging contexts.",Done,devops,CHANGELOG.md; CONTRIBUTING.md; docker-compose.prod.yml; docker-compose.yml; EduBoost_Technical_Status_Report.md; LLM_Integration_Roadmap.md; package.json; playwright.config.ts,TODO checked and supporting evidence found.,none,130
TODO-011,48,0. Production Definition of Done,"0.2 Health, readiness, and runtime acceptance",x,critical,"Ensure readiness probes are wired correctly in Docker Compose, Kubernetes, and Azure deployment assets.",Done,devops,.env.example; CHANGELOG.md; CONTRIBUTING.md; docker-compose.prod.yml; docker-compose.yml; EduBoost_Technical_Status_Report.md; LLM_Integration_Roadmap.md; Makefile,TODO checked and supporting evidence found.,none,110
TODO-012,49,0. Production Definition of Done,"0.2 Health, readiness, and runtime acceptance",,high,"Add graceful degraded-mode behavior for optional dependencies such as LLM providers, analytics, email, or billing.",Missing,ai/curriculum/backend,.env.example; CHANGELOG.md; CONTRIBUTING.md; docker-compose.prod.yml; EduBoost_Technical_Status_Report.md; README.md; RoadMap.md; app/api_v2.py,Only weak/indirect search hits were found; no specific implementation evidence was confirmed.,PR-009 Product/ops/future differentiation,105
TODO-013,53,0. Production Definition of Done,0.3 Operational acceptance,,critical,"Automated database backups are enabled, encrypted, monitored, and restore-tested.",Blocked,backend/data,.env.example; CHANGELOG.md; docker-compose.prod.yml; docker-compose.yml; EduBoost_Technical_Status_Report.md; Makefile; RoadMap.md; alembic/env.py,Cannot be fully verified from repository snapshot; needs GitHub/cloud/staging/operations access.,PR-009 Product/ops/future differentiation,130
TODO-014,54,0. Production Definition of Done,0.3 Operational acceptance,,critical,"Security headers, CORS, cookie policy, JWT policy, and rate limits are verified in staging.",Blocked,security/backend,.env.example; CHANGELOG.md; CODE_OF_CONDUCT.md; CONTRIBUTING.md; EduBoost_Technical_Status_Report.md; LLM_Integration_Roadmap.md; Makefile; playwright.config.ts,Cannot be fully verified from repository snapshot; needs GitHub/cloud/staging/operations access.,PR-003 Auth/session/RBAC hardening,130
TODO-015,55,0. Production Definition of Done,0.3 Operational acceptance,,critical,"Logs, metrics, traces, alerts, and dashboards are live before real learner data is processed.",Blocked,frontend,.env.example; CHANGELOG.md; CODE_OF_CONDUCT.md; CONTRIBUTING.md; docker-compose.prod.yml; docker-compose.yml; EduBoost_Technical_Status_Report.md; LLM_Integration_Roadmap.md,Cannot be fully verified from repository snapshot; needs GitHub/cloud/staging/operations access.,PR-009 Product/ops/future differentiation,130
TODO-016,56,0. Production Definition of Done,0.3 Operational acceptance,,critical,"Incident response, security disclosure, data breach handling, and learner-data escalation procedures are documented.",Partial,security/backend,docs/incident_response.md; SECURITY.md,Repo contains related evidence; completion needs targeted validation/tests.,PR-009 Product/ops/future differentiation,160
TODO-017,57,0. Production Definition of Done,0.3 Operational acceptance,,critical,"POPIA consent, export, erasure, retention, audit, and LLM PII-redaction workflows are tested end-to-end.",Partial,compliance/backend,app/services/pii_sweep.py; scripts/popia_sweep.py; tests/popia,Repo contains related evidence; completion needs targeted validation/tests.,PR-004 POPIA consent/data-rights/audit,160
TODO-018,65,1. Repository Governance and Hygiene,1.1 Canonical source of truth,,critical,"Decide and document the canonical repository: `NkgoloL/Eduboost-V2`, `w3ll3ml3b3lo-hue/Eduboost-V2`, or another private/public upstream.",Human-decision,backend/data,.env.example; CHANGELOG.md; CODE_OF_CONDUCT.md; CONTRIBUTING.md; docker-compose.yml; EduBoost_Technical_Status_Report.md; mkdocs.yml; README.md,Requires product/legal/business/education decision or empirical validation before implementation.,PR-001 Repo governance and backlog hygiene,85
TODO-019,66,1. Repository Governance and Hygiene,1.1 Canonical source of truth,,critical,"Add `docs/repository_governance.md` covering canonical repo, mirrors, branch policy, release authority, secret rotation authority, security patch process, and archive policy.",Partial,security/backend,docs/repository_governance.md,Doc exists and names canonical repo; mirror/security authority details are skeletal.,PR-001 Repo governance and backlog hygiene,150
TODO-020,67,1. Repository Governance and Hygiene,1.1 Canonical source of truth,,high,"Protect `master`/`main`: require PR review, required checks, no force-push, no branch deletion, and signed commits if feasible.",Blocked,ai/curriculum/backend,.github/workflows/ci-cd.yml,"Branch protection is a GitHub setting, not verifiable from the ZIP.",PR-001 Repo governance and backlog hygiene,70
TODO-021,68,1. Repository Governance and Hygiene,1.1 Canonical source of truth,,high,"Add `CODEOWNERS` for backend, frontend, infrastructure, security, compliance, curriculum, and docs.",Partial,frontend,.github/CODEOWNERS,CODEOWNERS exists but coverage is narrow.,PR-001 Repo governance and backlog hygiene,120
TODO-022,69,1. Repository Governance and Hygiene,1.1 Canonical source of truth,,high,"Add issue templates: bug, feature, security redirect, compliance concern, accessibility issue, curriculum issue, incorrect content, production incident.",Partial,frontend,.github/ISSUE_TEMPLATE/bug_report.yml; .github/ISSUE_TEMPLATE/feature_request.yml,Bug/feature templates exist; security/compliance/accessibility/curriculum/incident templates missing.,PR-001 Repo governance and backlog hygiene,130
TODO-023,70,1. Repository Governance and Hygiene,1.1 Canonical source of truth,,high,"Add PR template with checkboxes for tests, docs, migrations, POPIA impact, security impact, accessibility impact, analytics impact, deployment impact, and rollback plan.",Partial,frontend,.github/PULL_REQUEST_TEMPLATE.md,Template exists but lacks full requested checklist.,PR-001 Repo governance and backlog hygiene,120
TODO-024,74,1. Repository Governance and Hygiene,1.2 Dependency and artifact cleanup,,high,"Audit dependency files and decide canonical dependency paths for runtime, dev, docs, and ML extras.",Human-decision,backend/data,.env.example; .pre-commit-config.yaml; CHANGELOG.md; CONTRIBUTING.md; EduBoost_Technical_Status_Report.md; LLM_Integration_Roadmap.md; Makefile; mkdocs.yml,Requires product/legal/business/education decision or empirical validation before implementation.,PR-001 Repo governance and backlog hygiene,75
TODO-025,75,1. Repository Governance and Hygiene,1.2 Dependency and artifact cleanup,,high,"Remove duplicate or stale root dependency files, or clearly mark them as compatibility aliases.",Partial,backend/data,requirements.txt; requirements-dev.txt; requirements-docs.txt; requirements-ml.txt,Root dependency aliases still exist.,PR-001 Repo governance and backlog hygiene,100
TODO-026,76,1. Repository Governance and Hygiene,1.2 Dependency and artifact cleanup,,high,"Enable Dependabot or Renovate for Python, npm, Docker images, and GitHub Actions.",Done,backend/data,.github/dependabot.yml,"Dependabot covers pip, npm, Docker, and GitHub Actions.",none,70
TODO-027,77,1. Repository Governance and Hygiene,1.2 Dependency and artifact cleanup,,medium,"Add a `Makefile` or `justfile` with commands: `dev`, `test`, `lint`, `typecheck`, `e2e`, `migrate`, `docs`, `security`, `release-check`, and `smoke`.",Partial,security/backend,Makefile,Makefile exists but lacks e2e/security/release-check/smoke targets.,PR-001 Repo governance and backlog hygiene,90
TODO-028,78,1. Repository Governance and Hygiene,1.2 Dependency and artifact cleanup,,medium,"Add `docs/adr/` and write ADRs for modular monolith, FastAPI V2, Next.js frontend, PostgreSQL audit ledger, Redis revocation, LLM provider abstraction, POPIA-first design, and CAPS alignment.",Partial,frontend,docs/adr,ADR directory exists but requested ADR set incomplete.,PR-001 Repo governance and backlog hygiene,90
TODO-029,79,1. Repository Governance and Hygiene,1.2 Dependency and artifact cleanup,,medium,Add markdown linting and docs link checking to CI.,Partial,backend/data,.github/workflows/ci-cd.yml,Markdown lint exists; docs link checker not evident.,PR-001 Repo governance and backlog hygiene,70
TODO-030,87,2. Backend Architecture,2.1 Runtime surface,,critical,Keep `app/api_v2.py` as the only supported backend runtime entrypoint.,Partial,product/ops,app/api_v2.py,V2 entrypoint exists; deployment and legacy-shim guarantees remain incomplete.,PR-002 Backend runtime/API contract baseline,130
TODO-031,88,2. Backend Architecture,2.1 Runtime surface,,critical,Ensure `app/legacy/api/main.py` remains a compatibility shim only and cannot diverge from V2 behavior.,Done,ai/curriculum/backend,app/legacy/api/main.py,app/legacy/api/main.py is retained as the compatibility shim.,PR-002 Backend runtime/API contract baseline,125
TODO-032,89,2. Backend Architecture,2.1 Runtime surface,,high,Add a regression test that imports the V2 app using every documented deployment command.,Partial,devops,tests/test_entrypoints.py; .github/workflows/ci-cd.yml,Entrypoint import smoke exists; all documented commands not proven.,PR-002 Backend runtime/API contract baseline,100
TODO-033,90,2. Backend Architecture,2.1 Runtime surface,,high,Add tests proving legacy-only routes are not accidentally exposed as production APIs.,Partial,devops,tests/legacy,Legacy tests exist; route-exposure proof not complete.,PR-002 Backend runtime/API contract baseline,110
TODO-034,91,2. Backend Architecture,2.1 Runtime surface,,high,Generate and commit or publish the OpenAPI schema for review.,Done,backend/product,docs/openapi.json,docs/openapi.json exists.,none,70
TODO-035,92,2. Backend Architecture,2.1 Runtime surface,,medium,Add OpenAPI diff checks in PRs.,Partial,backend/product,.github/workflows/ci-cd.yml,"Related file(s) exist, but requested capability was not evident/complete.",PR-002 Backend runtime/API contract baseline,70
TODO-036,96,2. Backend Architecture,2.2 Router/service/domain boundaries,,critical,"Ensure routers are thin: request validation, auth/consent dependencies, service call, response mapping.",Partial,security/backend,app/api_v2_routers,"Routers exist, but several contain business/audit logic directly.",PR-002 Backend runtime/API contract baseline,150
TODO-037,97,2. Backend Architecture,2.2 Router/service/domain boundaries,,critical,Move business logic out of routers into services or bounded modules.,Partial,ai/curriculum/backend,app/api_v2_routers; app/services; app/modules,Services/modules exist; router/service separation remains inconsistent.,PR-002 Backend runtime/API contract baseline,130
TODO-038,98,2. Backend Architecture,2.2 Router/service/domain boundaries,,high,"Define service contracts for auth, learners, guardians, consent, diagnostics, lessons, study plans, gamification, billing, audit, POPIA export, and erasure.",Partial,security/backend,app/services; app/modules,"Many services exist, but contracts/interfaces are inconsistent.",PR-002 Backend runtime/API contract baseline,130
TODO-039,99,2. Backend Architecture,2.2 Router/service/domain boundaries,,high,Collapse duplicate service concepts between `app/services/*_service_v2.py` and `app/modules/*/service.py`.,Partial,ai/curriculum/backend,app/services; app/modules,Both service_v2 and module services exist; consolidation still needed.,PR-002 Backend runtime/API contract baseline,100
TODO-040,100,2. Backend Architecture,2.2 Router/service/domain boundaries,,high,Decide canonical business-logic location: either `app/services` as application layer or `app/modules/<context>/service.py` as bounded-context services.,Human-decision,ai/curriculum/backend,.env.example; alembic.ini; CHANGELOG.md; docker-compose.prod.yml; docker-compose.yml; EduBoost_Technical_Status_Report.md; LLM_Integration_Roadmap.md; mkdocs.yml,Requires product/legal/business/education decision or empirical validation before implementation.,PR-002 Backend runtime/API contract baseline,55
TODO-041,101,2. Backend Architecture,2.2 Router/service/domain boundaries,,high,"Remove metaphor-layer ambiguity from active code: `ether`, `judiciary`, `fourth_estate`, and `executive` should not be core engineering boundaries.",Partial,ai/curriculum/backend,app/services/ether.py; app/services/judiciary.py; app/services/fourth_estate.py; app/services/executive.py,Metaphor services still exist in active code.,PR-002 Backend runtime/API contract baseline,100
TODO-042,102,2. Backend Architecture,2.2 Router/service/domain boundaries,,medium,Keep metaphor names only for storytelling/docs if useful; use domain names in code.,Missing,ai/curriculum/backend,.env.example; CHANGELOG.md; CODE_OF_CONDUCT.md; CONTRIBUTING.md; docker-compose.prod.yml; EduBoost_Technical_Status_Report.md; LLM_Integration_Roadmap.md; mkdocs.yml,Only weak/indirect search hits were found; no specific implementation evidence was confirmed.,PR-002 Backend runtime/API contract baseline,65
TODO-043,103,2. Backend Architecture,2.2 Router/service/domain boundaries,,medium,Enforce import boundaries: routers → services → repositories/domain/core; repositories → models/database; domain should not depend on infrastructure.,Partial,ai/curriculum/backend,.importlinter; .github/workflows/ci-cd.yml,Import-linter exists; boundaries need enforcement/cleanup.,PR-002 Backend runtime/API contract baseline,90
TODO-044,107,2. Backend Architecture,2.3 Dependency injection and cross-cutting concerns,,high,"Standardize FastAPI dependencies for current user, current learner, guardian relationship, role checks, consent checks, DB session, audit context, request ID, and rate-limit identity.",Partial,compliance/backend,app/core/dependencies.py; app/core/security.py,"Dependency helpers exist, not yet standardized across routers.",PR-002 Backend runtime/API contract baseline,120
TODO-045,108,2. Backend Architecture,2.3 Dependency injection and cross-cutting concerns,,high,Replace ad-hoc service construction with dependency providers.,Partial,backend/product,app/api_v2_routers,Routers still instantiate services/repositories directly.,PR-002 Backend runtime/API contract baseline,100
TODO-046,109,2. Backend Architecture,2.3 Dependency injection and cross-cutting concerns,,medium,"Add test dependency overrides for DB, Redis, LLM provider, email provider, payment provider, object storage, and analytics sink.",Partial,ai/curriculum/backend,tests/conftest.py,Test scaffolding exists; not all providers covered.,PR-002 Backend runtime/API contract baseline,70
TODO-047,110,2. Backend Architecture,2.3 Dependency injection and cross-cutting concerns,,medium,"Add request-scoped correlation ID propagation through logs, audit events, traces, and frontend API calls.",Partial,frontend,app/core/middleware.py; app/core/logging.py; app/frontend/src/lib/api/client.ts,RequestID middleware and client exist; audit/tracing propagation requires validation.,PR-002 Backend runtime/API contract baseline,90
TODO-048,118,"3. Database, Persistence, and Migrations",3.1 PostgreSQL schema readiness,,critical,"Confirm every production table has explicit primary keys, timestamps, and appropriate foreign keys.",Partial,backend/data,app/models; alembic/versions,Models/migrations exist; full schema audit required.,PR-005 Database/migration integrity,160
TODO-049,119,"3. Database, Persistence, and Migrations",3.1 PostgreSQL schema readiness,,critical,"Add or verify indexes for user email, learner ID, guardian ID, consent status, token identifiers, diagnostic attempt ID, lesson generation job ID, audit timestamp, audit actor ID, and subscription/customer ID.",Partial,compliance/backend,alembic/versions/20260505_1734_add_missing_production_indexes.py,Index migration exists; full checklist still needs verification.,PR-004 POPIA consent/data-rights/audit,150
TODO-050,120,"3. Database, Persistence, and Migrations",3.1 PostgreSQL schema readiness,,critical,"Add database-level constraints for role enums, consent status, audit event fields, immutable audit identifiers, unique guardian-learner relationships, and non-null sensitive workflow fields.",Partial,compliance/backend,alembic/versions; app/models,Some constraints exist; full sensitive workflow constraint audit required.,PR-004 POPIA consent/data-rights/audit,150
TODO-051,121,"3. Database, Persistence, and Migrations",3.1 PostgreSQL schema readiness,,high,"Add partial indexes for active consent, active subscriptions, non-revoked sessions, and incomplete jobs.",Partial,compliance/backend,alembic/versions/20260505_1734_add_missing_production_indexes.py,Index migration exists; full checklist still needs verification.,PR-004 POPIA consent/data-rights/audit,120
TODO-052,122,"3. Database, Persistence, and Migrations",3.1 PostgreSQL schema readiness,,high,"Review transaction boundaries for signup, learner creation, consent submission, diagnostic completion, lesson generation, billing changes, and erasure requests.",Partial,compliance/backend,app/services; app/api_v2_routers,Repo contains related evidence; completion needs targeted validation/tests.,PR-004 POPIA consent/data-rights/audit,130
TODO-053,123,"3. Database, Persistence, and Migrations",3.1 PostgreSQL schema readiness,,medium,Add slow-query logging in staging and production.,Blocked,backend/data,CHANGELOG.md; EduBoost_Technical_Status_Report.md; alembic/env.py; app/api_v2.py; docker/inference_server.py; docs/api_v2.md; scripts/evaluate_pedagogy.py; scripts/merge_lora.py,Cannot be fully verified from repository snapshot; needs GitHub/cloud/staging/operations access.,PR-005 Database/migration integrity,70
TODO-054,124,"3. Database, Persistence, and Migrations",3.1 PostgreSQL schema readiness,,medium,"Add performance tests for dashboard, diagnostic, lesson, parent report, and audit endpoints.",Partial,frontend,tests,"Related file(s) exist, but requested capability was not evident/complete.",PR-005 Database/migration integrity,90
TODO-055,128,"3. Database, Persistence, and Migrations",3.2 Alembic discipline,x,critical,Run `alembic upgrade head` in CI from an empty database.,Done,backend/data,.env.example; alembic.ini; CHANGELOG.md; CONTRIBUTING.md; docker-compose.prod.yml; docker-compose.yml; EduBoost_Technical_Status_Report.md; Makefile,TODO checked and supporting evidence found.,none,120
TODO-056,129,"3. Database, Persistence, and Migrations",3.2 Alembic discipline,x,critical,Run `alembic check` in CI.,Done,backend/data,.env.example; .pre-commit-config.yaml; alembic.ini; CHANGELOG.md; CONTRIBUTING.md; docker-compose.prod.yml; docker-compose.yml; EduBoost_Technical_Status_Report.md,TODO checked and supporting evidence found.,none,120
TODO-057,130,"3. Database, Persistence, and Migrations",3.2 Alembic discipline,,critical,Document rollback strategy for every destructive migration.,Partial,backend/data,docs/db_rollback.md,Rollback doc exists; per-destructive-migration rollback plans incomplete.,PR-005 Database/migration integrity,150
TODO-058,131,"3. Database, Persistence, and Migrations",3.2 Alembic discipline,,high,Add migration naming convention: `YYYYMMDD_HHMM_<short_description>.py`.,Partial,backend/data,alembic/versions/20260505_1734_add_missing_production_indexes.py,One timestamped migration exists; older files use mixed naming.,PR-005 Database/migration integrity,120
TODO-059,132,"3. Database, Persistence, and Migrations",3.2 Alembic discipline,,high,"Require backup, staging dry-run, validation script, and rollback plan for migrations touching learner/guardian data.",Blocked,backend/data,scripts/smoke_test_migrations.sh; .github/workflows/ci-cd.yml,Needs staging environment and backup workflow validation.,PR-005 Database/migration integrity,100
TODO-060,133,"3. Database, Persistence, and Migrations",3.2 Alembic discipline,,medium,Add migration smoke tests using production-like data volume.,Partial,backend/data,scripts/smoke_test_migrations.sh; .github/workflows/ci-cd.yml,Repo contains related evidence; completion needs targeted validation/tests.,PR-005 Database/migration integrity,100
TODO-061,134,"3. Database, Persistence, and Migrations",3.2 Alembic discipline,,medium,Add synthetic seed data for local development; never use real learner PII in fixtures.,Partial,backend/data,scripts/seed_irt_items.py; scripts/seed_item_bank.py; tests/fixtures,Repo contains related evidence; completion needs targeted validation/tests.,PR-005 Database/migration integrity,100
TODO-062,138,"3. Database, Persistence, and Migrations",3.3 Repository layer,,high,Add repository tests for every persistence path.,Partial,backend/data,tests/unit/test_audit_repository.py; tests/unit/test_v2_services_full.py,Repo contains related evidence; completion needs targeted validation/tests.,PR-005 Database/migration integrity,120
TODO-063,139,"3. Database, Persistence, and Migrations",3.3 Repository layer,,high,Ensure repository methods do not expose raw ORM objects to API responses.,Partial,backend/data,app/repositories; app/api_v2_routers,Repo contains related evidence; completion needs targeted validation/tests.,PR-005 Database/migration integrity,120
TODO-064,140,"3. Database, Persistence, and Migrations",3.3 Repository layer,x,high,Ensure audit repositories are append-only by interface and by database permission.,Done,backend/data,.env.example; CHANGELOG.md; CODE_OF_CONDUCT.md; CONTRIBUTING.md; docker-compose.prod.yml; docker-compose.yml; EduBoost_Technical_Status_Report.md; Makefile,TODO checked and supporting evidence found.,none,90
TODO-065,141,"3. Database, Persistence, and Migrations",3.3 Repository layer,,medium,"Standardize repository method names: `get_*`, `list_*`, `create_*`, `update_*`, `soft_delete_*`, `append_*`.",Partial,backend/data,app/repositories,Repo contains related evidence; completion needs targeted validation/tests.,PR-005 Database/migration integrity,90
TODO-066,142,"3. Database, Persistence, and Migrations",3.3 Repository layer,,medium,Use pagination and deterministic sorting for all list endpoints.,Partial,backend/data,app/api_v2_routers; app/repositories,Repo contains related evidence; completion needs targeted validation/tests.,PR-005 Database/migration integrity,90
TODO-067,143,"3. Database, Persistence, and Migrations",3.3 Repository layer,,medium,Use cursor pagination for high-volume event streams.,Partial,backend/data,app/api_v2_routers; app/repositories,Repo contains related evidence; completion needs targeted validation/tests.,PR-005 Database/migration integrity,90
TODO-068,151,"4. Authentication, Authorization, and Session Security",4.1 Authentication flows,,critical,"Verify signup, login, refresh, logout, email verification, and password reset end-to-end.",Partial,security/backend,app/api_v2_routers/auth.py; app/modules/auth/service.py; tests,Repo contains related evidence; completion needs targeted validation/tests.,PR-003 Auth/session/RBAC hardening,150
TODO-069,152,"4. Authentication, Authorization, and Session Security",4.1 Authentication flows,,critical,Use modern password hashing such as Argon2id or bcrypt with tuned cost.,Partial,security/backend,app/services/auth_service.py; app/core/security.py; tests/unit/test_v2_services_full.py,Repo contains related evidence; completion needs targeted validation/tests.,PR-003 Auth/session/RBAC hardening,150
TODO-070,153,"4. Authentication, Authorization, and Session Security",4.1 Authentication flows,,critical,Enforce minimum passphrase/password strength.,Partial,security/backend,app/modules/auth/service.py; app/services/auth_service.py,"Related file(s) exist, but requested capability was not evident/complete.",PR-003 Auth/session/RBAC hardening,150
TODO-071,154,"4. Authentication, Authorization, and Session Security",4.1 Authentication flows,,critical,"Add rate limiting for login, signup, refresh, password reset, and verification endpoints.",Partial,security/backend,app/core/rate_limit.py; app/api_v2.py; app/api_v2_routers/lessons.py,Repo contains related evidence; completion needs targeted validation/tests.,PR-003 Auth/session/RBAC hardening,150
TODO-072,155,"4. Authentication, Authorization, and Session Security",4.1 Authentication flows,,high,Add account lockout or risk-based throttling after repeated failed attempts.,Partial,security/backend,app/modules/auth/service.py,"Related file(s) exist, but requested capability was not evident/complete.",PR-003 Auth/session/RBAC hardening,120
TODO-073,156,"4. Authentication, Authorization, and Session Security",4.1 Authentication flows,,high,Add session inventory and “log out all devices.”,Partial,security/backend,app/modules/auth/service.py,"Related file(s) exist, but requested capability was not evident/complete.",PR-003 Auth/session/RBAC hardening,120
TODO-074,157,"4. Authentication, Authorization, and Session Security",4.1 Authentication flows,,medium,"Add optional MFA for parents, teachers, admins, and support operators.",Partial,security/backend,app/modules/auth/service.py,"Related file(s) exist, but requested capability was not evident/complete.",PR-003 Auth/session/RBAC hardening,90
TODO-075,158,"4. Authentication, Authorization, and Session Security",4.1 Authentication flows,,medium,Add passkeys/WebAuthn later as a trust differentiator.,Partial,security/backend,app/modules/auth/service.py,"Related file(s) exist, but requested capability was not evident/complete.",PR-003 Auth/session/RBAC hardening,90
TODO-076,162,"4. Authentication, Authorization, and Session Security",4.2 JWT and token policy,,critical,Confirm production access-token TTL is 15 minutes or intentionally overridden and documented.,Partial,security/backend,app/core/config.py,Repo contains related evidence; completion needs targeted validation/tests.,PR-003 Auth/session/RBAC hardening,160
TODO-077,163,"4. Authentication, Authorization, and Session Security",4.2 JWT and token policy,,critical,Confirm production refresh-token TTL is 7 days or intentionally overridden and documented.,Partial,security/backend,app/core/config.py,Repo contains related evidence; completion needs targeted validation/tests.,PR-003 Auth/session/RBAC hardening,160
TODO-078,164,"4. Authentication, Authorization, and Session Security",4.2 JWT and token policy,,critical,"Store refresh tokens hashed at rest, revocable, bound to a token family, and rotated on use.",Partial,security/backend,app/modules/auth/service.py; app/services/auth_service.py,Repo contains related evidence; completion needs targeted validation/tests.,PR-003 Auth/session/RBAC hardening,150
TODO-079,165,"4. Authentication, Authorization, and Session Security",4.2 JWT and token policy,,critical,Detect refresh-token reuse and revoke the token family.,Partial,security/backend,app/modules/auth/service.py; app/services/auth_service.py,Repo contains related evidence; completion needs targeted validation/tests.,PR-003 Auth/session/RBAC hardening,150
TODO-080,166,"4. Authentication, Authorization, and Session Security",4.2 JWT and token policy,,critical,Confirm Redis-backed revocation survives expected restart/failover behavior or has persistent fallback where necessary.,Partial,security/backend,app/core/security.py; app/core/redis.py; .env.example,Repo contains related evidence; completion needs targeted validation/tests.,PR-003 Auth/session/RBAC hardening,150
TODO-081,167,"4. Authentication, Authorization, and Session Security",4.2 JWT and token policy,,high,"Add JWT signing-key rotation with `kid`, current/previous keys, rotation schedule, and emergency revoke-all procedure.",Partial,security/backend,app/core/secret_rotation.py,Repo contains related evidence; completion needs targeted validation/tests.,PR-003 Auth/session/RBAC hardening,120
TODO-082,168,"4. Authentication, Authorization, and Session Security",4.2 JWT and token policy,,high,"Verify cookie settings: `HttpOnly`, `Secure`, correct `SameSite`, correct domain, correct path, and no JavaScript-readable tokens.",Partial,security/backend,app/api_v2_routers/auth.py; app/core/config.py,Repo contains related evidence; completion needs targeted validation/tests.,PR-003 Auth/session/RBAC hardening,120
TODO-083,172,"4. Authentication, Authorization, and Session Security",4.3 Authorization and RBAC,,critical,"Define roles: learner, parent/guardian, teacher/tutor, admin, support operator, content reviewer, compliance auditor.",Partial,security/backend,app/core/security.py; app/core/dependencies.py; app/domain/schemas.py,Repo contains related evidence; completion needs targeted validation/tests.,PR-003 Auth/session/RBAC hardening,150
TODO-084,173,"4. Authentication, Authorization, and Session Security",4.3 Authorization and RBAC,,critical,"Add object-level authorization tests proving learners cannot access other learners, parents can access only linked learners, teachers can access only assigned learners/classes, and support cannot view unnecessary PII.",Partial,security/backend,app/api_v2_routers/learners.py; app/core/security.py,Repo contains related evidence; completion needs targeted validation/tests.,PR-003 Auth/session/RBAC hardening,150
TODO-085,174,"4. Authentication, Authorization, and Session Security",4.3 Authorization and RBAC,,high,Implement policy helpers for object-level authorization.,Partial,security/backend,app/api_v2_routers/learners.py; app/core/security.py,Repo contains related evidence; completion needs targeted validation/tests.,PR-003 Auth/session/RBAC hardening,120
TODO-086,175,"4. Authentication, Authorization, and Session Security",4.3 Authorization and RBAC,,high,Add policy tests for every router.,Partial,security/backend,tests,Repo contains related evidence; completion needs targeted validation/tests.,PR-003 Auth/session/RBAC hardening,120
TODO-087,176,"4. Authentication, Authorization, and Session Security",4.3 Authorization and RBAC,,medium,Move from basic RBAC to policy-based access control for sensitive workflows.,Missing,security/backend,.env.example; CHANGELOG.md; CODE_OF_CONDUCT.md; CONTRIBUTING.md; EduBoost_Technical_Status_Report.md; LLM_Integration_Roadmap.md; Makefile; README.md,Only weak/indirect search hits were found; no specific implementation evidence was confirmed.,PR-003 Auth/session/RBAC hardening,85
TODO-088,177,"4. Authentication, Authorization, and Session Security",4.3 Authorization and RBAC,,medium,Add tightly audited admin impersonation only if absolutely required.,Partial,security/backend,app,"Related file(s) exist, but requested capability was not evident/complete.",PR-003 Auth/session/RBAC hardening,90
TODO-089,185,"5. POPIA, Privacy, and Learner Data Protection",5.1 Consent management,,critical,"Define consent states: pending, granted, denied, expired, withdrawn, and renewal_required.",Partial,compliance/backend,app/services/consent.py; app/modules/consent; app/domain/schemas.py,Repo contains related evidence; completion needs targeted validation/tests.,PR-004 POPIA consent/data-rights/audit,150
TODO-090,186,"5. POPIA, Privacy, and Learner Data Protection",5.1 Consent management,,critical,Enforce parent/guardian consent before processing child learner data.,Partial,compliance/backend,app/services/consent.py; tests/popia,Repo contains related evidence; completion needs targeted validation/tests.,PR-004 POPIA consent/data-rights/audit,150
TODO-091,187,"5. POPIA, Privacy, and Learner Data Protection",5.1 Consent management,,critical,"Make consent enforcement declarative through FastAPI dependencies or middleware, not scattered manual checks.",Partial,compliance/backend,app/core/dependencies.py; app/core/security.py,"Dependency helpers exist, not yet standardized across routers.",PR-004 POPIA consent/data-rights/audit,150
TODO-092,188,"5. POPIA, Privacy, and Learner Data Protection",5.1 Consent management,,critical,"Add negative tests proving consent bypass is impossible for diagnostics, lessons, profiles, reports, gamification, analytics, AI feedback loops, and exports.",Partial,compliance/backend,tests/popia; tests/test_popia_end_to_end.py,Repo contains related evidence; completion needs targeted validation/tests.,PR-004 POPIA consent/data-rights/audit,150
TODO-093,189,"5. POPIA, Privacy, and Learner Data Protection",5.1 Consent management,,high,"Add consent renewal workflow with expiry date, notification schedule, grace period, and restricted mode.",Partial,compliance/backend,app/services/consent_renewal_service.py; app/api_v2_routers/consent_renewal.py,Repo contains related evidence; completion needs targeted validation/tests.,PR-004 POPIA consent/data-rights/audit,120
TODO-094,190,"5. POPIA, Privacy, and Learner Data Protection",5.1 Consent management,,high,"Add consent withdrawal workflow with immediate stop to optional processing, confirmation, audit event, and downstream deletion/anonymization job where applicable.",Partial,compliance/backend,app/services/consent.py; app/api_v2_routers/consent.py,Repo contains related evidence; completion needs targeted validation/tests.,PR-004 POPIA consent/data-rights/audit,120
TODO-095,191,"5. POPIA, Privacy, and Learner Data Protection",5.1 Consent management,,high,Add consent versioning tied to a specific privacy notice version.,Partial,compliance/backend,app/services/consent.py; docs/POPIA_COMPLIANCE.md,Repo contains related evidence; completion needs targeted validation/tests.,PR-004 POPIA consent/data-rights/audit,120
TODO-096,192,"5. POPIA, Privacy, and Learner Data Protection",5.1 Consent management,,medium,Add school-mediated consent model if institutional deployments enter scope.,Human-decision,compliance/backend,docs,Requires institutional deployment scope decision.,PR-004 POPIA consent/data-rights/audit,45
TODO-097,196,"5. POPIA, Privacy, and Learner Data Protection",5.2 Data subject rights,,critical,Implement export workflow for learner and guardian data.,Partial,compliance/backend,app/api_v2_routers/popia.py; app/services/popia_service.py,Repo contains related evidence; completion needs targeted validation/tests.,PR-004 POPIA consent/data-rights/audit,150
TODO-098,197,"5. POPIA, Privacy, and Learner Data Protection",5.2 Data subject rights,,critical,Implement erasure workflow with exceptions for legally required audit records.,Partial,compliance/backend,app/api_v2_routers/popia.py; app/services/popia_service.py; docs/popia_erasure.md,Repo contains related evidence; completion needs targeted validation/tests.,PR-004 POPIA consent/data-rights/audit,150
TODO-099,198,"5. POPIA, Privacy, and Learner Data Protection",5.2 Data subject rights,,critical,Implement correction/update workflow for inaccurate personal information.,Partial,compliance/backend,app/services/popia_service.py; app/api_v2_routers/popia.py,"Related file(s) exist, but requested capability was not evident/complete.",PR-004 POPIA consent/data-rights/audit,150
TODO-100,199,"5. POPIA, Privacy, and Learner Data Protection",5.2 Data subject rights,,critical,Implement processing restriction workflow.,Partial,compliance/backend,app/services/popia_service.py; app/api_v2_routers/popia.py,"Related file(s) exist, but requested capability was not evident/complete.",PR-004 POPIA consent/data-rights/audit,150
TODO-101,200,"5. POPIA, Privacy, and Learner Data Protection",5.2 Data subject rights,,high,Add status tracking and SLA targets for export/erasure requests.,Partial,compliance/backend,docs/POPIA_COMPLIANCE.md,"Related file(s) exist, but requested capability was not evident/complete.",PR-004 POPIA consent/data-rights/audit,120
TODO-102,201,"5. POPIA, Privacy, and Learner Data Protection",5.2 Data subject rights,,high,"Add admin review queue for erasure requests affecting billing, school records, or legally retained audit records.",Partial,compliance/backend,app/api_v2_routers/popia.py,"Related file(s) exist, but requested capability was not evident/complete.",PR-004 POPIA consent/data-rights/audit,130
TODO-103,202,"5. POPIA, Privacy, and Learner Data Protection",5.2 Data subject rights,,medium,"Provide machine-readable export formats: JSON, CSV, and a guardian-friendly PDF summary.",Partial,compliance/backend,app/services/popia_service.py,Repo contains related evidence; completion needs targeted validation/tests.,PR-004 POPIA consent/data-rights/audit,90
TODO-104,206,"5. POPIA, Privacy, and Learner Data Protection",5.3 Data minimization and inventory,x,critical,"Create `docs/data_inventory.md` listing every collected field, purpose, lawful/consent basis, retention period, access roles, and third-party exposure.",Done,compliance/backend,.env.example; CHANGELOG.md; CODE_OF_CONDUCT.md; CONTRIBUTING.md; docker-compose.yml; EduBoost_Technical_Status_Report.md; playwright.config.ts; README.md,TODO checked and supporting evidence found.,none,120
TODO-105,207,"5. POPIA, Privacy, and Learner Data Protection",5.3 Data minimization and inventory,x,critical,Remove learner data fields not essential to educational purpose.,Done,compliance/backend,.env.example; CHANGELOG.md; CODE_OF_CONDUCT.md; CONTRIBUTING.md; EduBoost_Technical_Status_Report.md; LLM_Integration_Roadmap.md; Makefile; playwright.config.ts,TODO checked and supporting evidence found.,none,120
TODO-106,208,"5. POPIA, Privacy, and Learner Data Protection",5.3 Data minimization and inventory,x,high,Hash or tokenize identifiers where raw values are unnecessary.,Done,compliance/backend,.env.example; CHANGELOG.md; CONTRIBUTING.md; EduBoost_Technical_Status_Report.md; RoadMap.md; SECURITY.md; docker/inference_server.py; docker/requirements.inference.txt,TODO checked and supporting evidence found.,none,90
TODO-107,209,"5. POPIA, Privacy, and Learner Data Protection",5.3 Data minimization and inventory,x,high,Separate identifiable operational data from analytics data.,Done,compliance/backend,.env.example; CHANGELOG.md; CONTRIBUTING.md; EduBoost_Technical_Status_Report.md; README.md; SECURITY.md; app/api_v2.py; bicep/container_apps.bicep,TODO checked and supporting evidence found.,none,90
TODO-108,210,"5. POPIA, Privacy, and Learner Data Protection",5.3 Data minimization and inventory,x,high,"Prevent names, emails, phone numbers, and raw identifiers from being sent to LLM providers.",Done,compliance/backend,.env.example; CHANGELOG.md; CODE_OF_CONDUCT.md; CONTRIBUTING.md; EduBoost_Technical_Status_Report.md; LLM_Integration_Roadmap.md; playwright.config.ts; README.md,TODO checked and supporting evidence found.,none,90
TODO-109,211,"5. POPIA, Privacy, and Learner Data Protection",5.3 Data minimization and inventory,,medium,Create `docs/data_retention_policy.md` and `docs/subprocessor_register.md`.,Missing,compliance/backend,,Repo contains related evidence; completion needs targeted validation/tests.,PR-004 POPIA consent/data-rights/audit,85
TODO-110,215,"5. POPIA, Privacy, and Learner Data Protection",5.4 Audit integrity,x,critical,Confirm sensitive events write to append-only PostgreSQL audit repository.,Done,compliance/backend,.env.example; alembic.ini; CHANGELOG.md; CONTRIBUTING.md; docker-compose.prod.yml; docker-compose.yml; EduBoost_Technical_Status_Report.md; LLM_Integration_Roadmap.md,TODO checked and supporting evidence found.,none,120
TODO-111,216,"5. POPIA, Privacy, and Learner Data Protection",5.4 Audit integrity,,critical,"Add audit events for login success/failure, token refresh, logout, consent changes, learner profile changes, diagnostic lifecycle, lesson generation, LLM calls, parent report generation, data export, erasure request, admin access, and billing changes.",Partial,compliance/backend,app/services/fourth_estate.py; app/services/audit_service.py; app/repositories/audit_repository.py,Repo contains related evidence; completion needs targeted validation/tests.,PR-004 POPIA consent/data-rights/audit,160
TODO-112,217,"5. POPIA, Privacy, and Learner Data Protection",5.4 Audit integrity,,high,"Add tamper-evident audit chain using event hash, previous event hash, and HMAC/signature.",Partial,compliance/backend,app/repositories/audit_repository.py; alembic/versions/0006_v2_audit_events.py,"Related file(s) exist, but requested capability was not evident/complete.",PR-004 POPIA consent/data-rights/audit,120
TODO-113,218,"5. POPIA, Privacy, and Learner Data Protection",5.4 Audit integrity,,high,Add immutable retention rules for audit records.,Partial,compliance/backend,docs/POPIA_COMPLIANCE.md,"Related file(s) exist, but requested capability was not evident/complete.",PR-004 POPIA consent/data-rights/audit,120
TODO-114,219,"5. POPIA, Privacy, and Learner Data Protection",5.4 Audit integrity,,medium,Build internal audit dashboard.,Partial,frontend,app/api_v2_routers/audit.py; app/frontend/src,Repo contains related evidence; completion needs targeted validation/tests.,PR-004 POPIA consent/data-rights/audit,90
TODO-115,220,"5. POPIA, Privacy, and Learner Data Protection",5.4 Audit integrity,,medium,Add automated audit completeness tests.,Partial,compliance/backend,tests/unit/test_audit_repository.py,Repo contains related evidence; completion needs targeted validation/tests.,PR-004 POPIA consent/data-rights/audit,90
TODO-116,228,"6. AI, LLM Safety, and Lesson Generation",6.1 LLM gateway,x,critical,"Define LLM gateway interface: provider, model/version, prompt template version, input schema, output schema, latency, token usage, safety status, and fallback status.",Done,ai/curriculum/backend,.env.example; CHANGELOG.md; CODE_OF_CONDUCT.md; CONTRIBUTING.md; docker-compose.prod.yml; EduBoost_Technical_Status_Report.md; LLM_Integration_Roadmap.md; mkdocs.yml,TODO checked and supporting evidence found.,none,100
TODO-117,229,"6. AI, LLM Safety, and Lesson Generation",6.1 LLM gateway,,critical,Add structured output validation for AI-generated lessons.,Partial,ai/curriculum/backend,app/modules/lessons/llm_gateway.py; app/services/lesson_service_v2.py,Repo contains related evidence; completion needs targeted validation/tests.,PR-006 AI/CAPS/diagnostics safety,130
TODO-118,230,"6. AI, LLM Safety, and Lesson Generation",6.1 LLM gateway,,critical,"Reject output that fails schema, CAPS alignment, age-appropriateness, PII safety, or answer-key validation.",Partial,ai/curriculum/backend,app/modules/lessons/llm_gateway.py; app/services/lesson_service_v2.py,Repo contains related evidence; completion needs targeted validation/tests.,PR-006 AI/CAPS/diagnostics safety,130
TODO-119,231,"6. AI, LLM Safety, and Lesson Generation",6.1 LLM gateway,,critical,Ensure no raw learner PII is sent to LLM providers.,Partial,ai/curriculum/backend,app/modules/lessons/llm_gateway.py; app/services/lesson_service_v2.py,Repo contains related evidence; completion needs targeted validation/tests.,PR-006 AI/CAPS/diagnostics safety,130
TODO-120,232,"6. AI, LLM Safety, and Lesson Generation",6.1 LLM gateway,,high,"Add provider fallback, timeout, retry, circuit breaker, and budget guardrails.",Partial,ai/curriculum/backend,app/modules/lessons/llm_gateway.py; app/services/lesson_service_v2.py,Repo contains related evidence; completion needs targeted validation/tests.,PR-006 AI/CAPS/diagnostics safety,100
TODO-121,233,"6. AI, LLM Safety, and Lesson Generation",6.1 LLM gateway,,high,Log LLM metadata without logging sensitive prompt content.,Partial,ai/curriculum/backend,app/modules/lessons/llm_gateway.py; app/services/lesson_service_v2.py,Repo contains related evidence; completion needs targeted validation/tests.,PR-006 AI/CAPS/diagnostics safety,100
TODO-122,234,"6. AI, LLM Safety, and Lesson Generation",6.1 LLM gateway,,medium,Add prompt-template version control and deterministic mock provider for tests.,Partial,ai/curriculum/backend,app/modules/lessons/llm_gateway.py; app/services/lesson_service_v2.py,Repo contains related evidence; completion needs targeted validation/tests.,PR-006 AI/CAPS/diagnostics safety,70
TODO-123,235,"6. AI, LLM Safety, and Lesson Generation",6.1 LLM gateway,,medium,Add golden prompt tests for every supported grade/subject/topic.,Partial,ai/curriculum/backend,app/modules/lessons/llm_gateway.py; app/services/lesson_service_v2.py,Repo contains related evidence; completion needs targeted validation/tests.,PR-006 AI/CAPS/diagnostics safety,70
TODO-124,239,"6. AI, LLM Safety, and Lesson Generation",6.2 Content quality and hallucination control,,critical,"Define lesson output contract: topic, grade, subject, CAPS reference, objectives, explanation, worked examples, practice questions, answer key, remediation hints, difficulty, language level, and safety classification.",Partial,ai/curriculum/backend,app/domain/schemas.py; app/domain/api_v2_models.py,Repo contains related evidence; completion needs targeted validation/tests.,PR-006 AI/CAPS/diagnostics safety,130
TODO-125,240,"6. AI, LLM Safety, and Lesson Generation",6.2 Content quality and hallucination control,,critical,Require generated answer keys to be independently checked.,Partial,ai/curriculum/backend,app/services/caps_validator.py; app/modules/lessons,Repo contains related evidence; completion needs targeted validation/tests.,PR-006 AI/CAPS/diagnostics safety,130
TODO-126,241,"6. AI, LLM Safety, and Lesson Generation",6.2 Content quality and hallucination control,,high,"Add validators for arithmetic correctness, answer-key consistency, grade-level readability, missing explanations, unsafe content, and PII leakage.",Partial,ai/curriculum/backend,app/services/caps_validator.py; tests,Repo contains related evidence; completion needs targeted validation/tests.,PR-006 AI/CAPS/diagnostics safety,100
TODO-127,242,"6. AI, LLM Safety, and Lesson Generation",6.2 Content quality and hallucination control,,high,Add human review queue for low-confidence or high-impact content.,Partial,ai/curriculum/backend,app/api_v2_routers; app/frontend/src,"Related file(s) exist, but requested capability was not evident/complete.",PR-006 AI/CAPS/diagnostics safety,100
TODO-128,243,"6. AI, LLM Safety, and Lesson Generation",6.2 Content quality and hallucination control,,high,"Build content quality score: correctness, CAPS alignment, clarity, readability, pedagogical completeness, inclusiveness, and safety.",Partial,ai/curriculum/backend,app/services/caps_validator.py,Repo contains related evidence; completion needs targeted validation/tests.,PR-006 AI/CAPS/diagnostics safety,100
TODO-129,244,"6. AI, LLM Safety, and Lesson Generation",6.2 Content quality and hallucination control,,medium,Create lesson regression suite so accepted lessons do not degrade after prompt/model changes.,Partial,ai/curriculum/backend,tests,Repo contains related evidence; completion needs targeted validation/tests.,PR-006 AI/CAPS/diagnostics safety,70
TODO-130,245,"6. AI, LLM Safety, and Lesson Generation",6.2 Content quality and hallucination control,,medium,"Add model comparison harness for cost, latency, correctness, stability, language quality, and hallucination rate.",Partial,ai/curriculum/backend,scripts/evaluate_pedagogy.py; docs/LLM_Test_Gating.md,Repo contains related evidence; completion needs targeted validation/tests.,PR-006 AI/CAPS/diagnostics safety,70
TODO-131,249,"6. AI, LLM Safety, and Lesson Generation",6.3 CAPS alignment,,critical,"Create canonical CAPS topic map: phase, grade, subject, term, topic, subtopic, prerequisites, assessment standards.",Partial,ai/curriculum/backend,data; app/services/caps_validator.py; docs/launch_scope.md,Repo contains related evidence; completion needs targeted validation/tests.,PR-006 AI/CAPS/diagnostics safety,130
TODO-132,250,"6. AI, LLM Safety, and Lesson Generation",6.3 CAPS alignment,,critical,Add validators ensuring generated content references a valid CAPS topic.,Partial,ai/curriculum/backend,app/services/caps_validator.py; tests,Repo contains related evidence; completion needs targeted validation/tests.,PR-006 AI/CAPS/diagnostics safety,130
TODO-133,251,"6. AI, LLM Safety, and Lesson Generation",6.3 CAPS alignment,,high,Add curriculum coverage dashboards.,Partial,frontend,app/frontend/src; app/api_v2_routers,"Related file(s) exist, but requested capability was not evident/complete.",PR-006 AI/CAPS/diagnostics safety,100
TODO-134,252,"6. AI, LLM Safety, and Lesson Generation",6.3 CAPS alignment,,high,"Detect topics without lessons, diagnostics, practice questions, or quality-reviewed content.",Missing,ai/curriculum/backend,.pre-commit-config.yaml; CHANGELOG.md; CODE_OF_CONDUCT.md; EduBoost_Technical_Status_Report.md; LLM_Integration_Roadmap.md; README.md; RoadMap.md; app/api_v2.py,Only weak/indirect search hits were found; no specific implementation evidence was confirmed.,PR-006 AI/CAPS/diagnostics safety,95
TODO-135,253,"6. AI, LLM Safety, and Lesson Generation",6.3 CAPS alignment,,medium,Add teacher-facing CAPS coverage export.,Missing,compliance/backend,.env.example; CHANGELOG.md; CONTRIBUTING.md; EduBoost_Technical_Status_Report.md; LLM_Integration_Roadmap.md; playwright.config.ts; pytest.ini; README.md,Only weak/indirect search hits were found; no specific implementation evidence was confirmed.,PR-006 AI/CAPS/diagnostics safety,65
TODO-136,254,"6. AI, LLM Safety, and Lesson Generation",6.3 CAPS alignment,,medium,Add alignment confidence score per lesson.,Partial,ai/curriculum/backend,app/services/caps_validator.py,Repo contains related evidence; completion needs targeted validation/tests.,PR-006 AI/CAPS/diagnostics safety,70
TODO-137,255,"6. AI, LLM Safety, and Lesson Generation",6.3 CAPS alignment,,medium,Version curriculum maps.,Missing,ai/curriculum/backend,.env.example; CHANGELOG.md; CODE_OF_CONDUCT.md; docker-compose.prod.yml; EduBoost_Technical_Status_Report.md; LLM_Integration_Roadmap.md; SECURITY.md; .github/dependabot.yml,Only weak/indirect search hits were found; no specific implementation evidence was confirmed.,PR-006 AI/CAPS/diagnostics safety,65
TODO-138,259,"6. AI, LLM Safety, and Lesson Generation",6.4 AI mission differentiation,,high,"Add “explain it my way” lesson variants: visual, story-based, step-by-step, exam-style, real-world South African examples, and multilingual support.",Partial,ai/curriculum/backend,app/modules/lessons; app/frontend/src,Repo contains related evidence; completion needs targeted validation/tests.,PR-006 AI/CAPS/diagnostics safety,100
TODO-139,260,"6. AI, LLM Safety, and Lesson Generation",6.4 AI mission differentiation,,high,"Add adaptive remediation: detect misconception, choose explanation strategy, generate targeted practice, re-assess.",Human-decision,ai/curriculum/backend,.env.example; .pre-commit-config.yaml; CONTRIBUTING.md; EduBoost_Technical_Status_Report.md; LLM_Integration_Roadmap.md; README.md; RoadMap.md; setup_redmine_repo.sh,Requires product/legal/business/education decision or empirical validation before implementation.,PR-006 AI/CAPS/diagnostics safety,55
TODO-140,261,"6. AI, LLM Safety, and Lesson Generation",6.4 AI mission differentiation,,medium,"Add parent explanation mode: what the learner struggled with, how to help at home, and what to practice next.",Partial,ai/curriculum/backend,app/services/parent_report_service_v2.py; app/frontend/src/components/eduboost/ParentDashboard.tsx,Repo contains related evidence; completion needs targeted validation/tests.,PR-006 AI/CAPS/diagnostics safety,70
TODO-141,262,"6. AI, LLM Safety, and Lesson Generation",6.4 AI mission differentiation,,medium,"Add teacher insight mode: class misconceptions, intervention groups, topic heatmaps.",Partial,ai/curriculum/backend,app/frontend/src,"Related file(s) exist, but requested capability was not evident/complete.",PR-006 AI/CAPS/diagnostics safety,70
TODO-142,263,"6. AI, LLM Safety, and Lesson Generation",6.4 AI mission differentiation,,medium,"Add low-bandwidth AI mode with pre-generated lessons, compressed payloads, and offline-friendly assets.",Partial,ai/curriculum/backend,app/frontend/src/lib/api/offlineSync.ts; app/frontend/src/components/ServiceWorkerRegistration.tsx,Repo contains related evidence; completion needs targeted validation/tests.,PR-006 AI/CAPS/diagnostics safety,70
TODO-143,264,"6. AI, LLM Safety, and Lesson Generation",6.4 AI mission differentiation,,research,Investigate retrieval-augmented generation using only approved CAPS-aligned content.,Human-decision,ai/curriculum/backend,CHANGELOG.md; CODE_OF_CONDUCT.md; EduBoost_Technical_Status_Report.md; LLM_Integration_Roadmap.md; playwright.config.ts; README.md; RoadMap.md; app/api_v2.py,Requires product/legal/business/education decision or empirical validation before implementation.,PR-006 AI/CAPS/diagnostics safety,-5
TODO-144,265,"6. AI, LLM Safety, and Lesson Generation",6.4 AI mission differentiation,,research,Investigate local/smaller models for cost and privacy-sensitive workloads.,Human-decision,compliance/backend,.env.example; CHANGELOG.md; CODE_OF_CONDUCT.md; EduBoost_Technical_Status_Report.md; LLM_Integration_Roadmap.md; mkdocs.yml; README.md; alembic/env.py,Requires product/legal/business/education decision or empirical validation before implementation.,PR-006 AI/CAPS/diagnostics safety,-5
TODO-145,273,"7. Diagnostics, Assessment, and Learning Science",7.1 IRT diagnostic engine,,critical,"Define diagnostic item schema: item ID, subject, grade, topic, skill, difficulty, discrimination, correct answer, distractors, explanation, and CAPS reference.",Partial,ai/curriculum/backend,app/modules/diagnostics; alembic/versions/0007_caps_irt_item_bank.py,Repo contains related evidence; completion needs targeted validation/tests.,PR-006 AI/CAPS/diagnostics safety,130
TODO-146,274,"7. Diagnostics, Assessment, and Learning Science",7.1 IRT diagnostic engine,,critical,"Validate IRT parameters for difficulty bounds, discrimination bounds, probability output, overflow, and invalid input.",Partial,devops,app/modules/diagnostics/irt_engine.py; tests,Repo contains related evidence; completion needs targeted validation/tests.,PR-006 AI/CAPS/diagnostics safety,130
TODO-147,275,"7. Diagnostics, Assessment, and Learning Science",7.1 IRT diagnostic engine,,critical,"Add tests for probability of correctness, Fisher information, ability update, edge responses, empty responses, all-correct, and all-incorrect.",Partial,devops,app/modules/diagnostics/irt_engine.py; tests,Repo contains related evidence; completion needs targeted validation/tests.,PR-006 AI/CAPS/diagnostics safety,130
TODO-148,276,"7. Diagnostics, Assessment, and Learning Science",7.1 IRT diagnostic engine,,high,Add item calibration workflow.,Partial,devops,scripts/seed_irt_items.py; scripts/seed_item_bank.py,Repo contains related evidence; completion needs targeted validation/tests.,PR-006 AI/CAPS/diagnostics safety,100
TODO-149,277,"7. Diagnostics, Assessment, and Learning Science",7.1 IRT diagnostic engine,,high,Add item exposure limits so learners do not repeatedly see the same questions.,Partial,devops,app/modules/diagnostics,"Related file(s) exist, but requested capability was not evident/complete.",PR-006 AI/CAPS/diagnostics safety,100
TODO-150,278,"7. Diagnostics, Assessment, and Learning Science",7.1 IRT diagnostic engine,,high,Add diagnostic session recovery after disconnect.,Partial,devops,app/modules/diagnostics; app/api_v2_routers/diagnostics.py,Repo contains related evidence; completion needs targeted validation/tests.,PR-006 AI/CAPS/diagnostics safety,100
TODO-151,279,"7. Diagnostics, Assessment, and Learning Science",7.1 IRT diagnostic engine,,medium,Add confidence intervals for ability estimates.,Partial,devops,app/modules/diagnostics,"Related file(s) exist, but requested capability was not evident/complete.",PR-006 AI/CAPS/diagnostics safety,70
TODO-152,280,"7. Diagnostics, Assessment, and Learning Science",7.1 IRT diagnostic engine,,medium,"Add item bias review across language, region, and socioeconomic context.",Missing,devops,CHANGELOG.md; CODE_OF_CONDUCT.md; CONTRIBUTING.md; docker-compose.prod.yml; docker-compose.yml; EduBoost_Technical_Status_Report.md; LLM_Integration_Roadmap.md; RoadMap.md,Only weak/indirect search hits were found; no specific implementation evidence was confirmed.,PR-006 AI/CAPS/diagnostics safety,65
TODO-153,284,"7. Diagnostics, Assessment, and Learning Science",7.2 Assessment content,,critical,Build minimum viable item bank for each supported launch grade/subject.,Partial,devops,alembic/versions/0005_seed_irt_items.py; alembic/versions/0007_caps_irt_item_bank.py,Repo contains related evidence; completion needs targeted validation/tests.,PR-006 AI/CAPS/diagnostics safety,130
TODO-154,285,"7. Diagnostics, Assessment, and Learning Science",7.2 Assessment content,,critical,"Add item review status: draft, AI-generated, human-reviewed, approved, retired.",Partial,ai/curriculum/backend,app/models; app/domain/schemas.py,Repo contains related evidence; completion needs targeted validation/tests.,PR-006 AI/CAPS/diagnostics safety,130
TODO-155,286,"7. Diagnostics, Assessment, and Learning Science",7.2 Assessment content,,high,Add distractor quality review and explanation quality review.,Partial,devops,app/modules/diagnostics; alembic/versions/0007_caps_irt_item_bank.py,Repo contains related evidence; completion needs targeted validation/tests.,PR-006 AI/CAPS/diagnostics safety,100
TODO-156,287,"7. Diagnostics, Assessment, and Learning Science",7.2 Assessment content,,medium,Tag items by misconception.,Partial,devops,app/repositories; app/modules/diagnostics,Repo contains related evidence; completion needs targeted validation/tests.,PR-006 AI/CAPS/diagnostics safety,70
TODO-157,288,"7. Diagnostics, Assessment, and Learning Science",7.2 Assessment content,,medium,Add adaptive practice generator based on diagnostic gaps.,Missing,devops,.env.example; CHANGELOG.md; EduBoost_Technical_Status_Report.md; LLM_Integration_Roadmap.md; playwright.config.ts; app/api_v2.py; docker/inference_server.py; docs/AI_AGENT_SKILLS_MANIFEST.md,Only weak/indirect search hits were found; no specific implementation evidence was confirmed.,PR-006 AI/CAPS/diagnostics safety,65
TODO-158,289,"7. Diagnostics, Assessment, and Learning Science",7.2 Assessment content,,medium,Add spaced repetition and retrieval practice.,Partial,devops,app/services/study_plan_service_v2.py,"Related file(s) exist, but requested capability was not evident/complete.",PR-006 AI/CAPS/diagnostics safety,70
TODO-159,293,"7. Diagnostics, Assessment, and Learning Science",7.3 Progress model,,critical,"Define mastery model combining diagnostic estimate, practice performance, recency, consistency, and confidence.",Partial,devops,app/api_v2_routers/learners.py; app/services/study_plan_service_v2.py,Repo contains related evidence; completion needs targeted validation/tests.,PR-006 AI/CAPS/diagnostics safety,130
TODO-160,294,"7. Diagnostics, Assessment, and Learning Science",7.3 Progress model,,high,Add progress timelines per learner.,Partial,devops,app/frontend/src; app/api_v2_routers/learners.py,Repo contains related evidence; completion needs targeted validation/tests.,PR-006 AI/CAPS/diagnostics safety,100
TODO-161,295,"7. Diagnostics, Assessment, and Learning Science",7.3 Progress model,,high,Add subject-level and topic-level mastery.,Partial,devops,app/api_v2_routers/learners.py,Repo contains related evidence; completion needs targeted validation/tests.,PR-006 AI/CAPS/diagnostics safety,100
TODO-162,296,"7. Diagnostics, Assessment, and Learning Science",7.3 Progress model,,medium,"Add learning velocity, risk-of-falling-behind signal, and next-best-activity recommendation.",Missing,devops,CHANGELOG.md; CONTRIBUTING.md; EduBoost_Technical_Status_Report.md; LLM_Integration_Roadmap.md; mkdocs.yml; README.md; RoadMap.md; wsl_copilot.sh,Only weak/indirect search hits were found; no specific implementation evidence was confirmed.,PR-006 AI/CAPS/diagnostics safety,65
TODO-163,297,"7. Diagnostics, Assessment, and Learning Science",7.3 Progress model,,research,Evaluate Bayesian Knowledge Tracing or Deep Knowledge Tracing once enough usage data exists.,Human-decision,devops,CODE_OF_CONDUCT.md; EduBoost_Technical_Status_Report.md; LLM_Integration_Roadmap.md; playwright.config.ts; SECURITY.md; app/api_v2.py; docker/inference_server.py; docs/AI_AGENT_SKILLS_MANIFEST.md,Requires product/legal/business/education decision or empirical validation before implementation.,PR-006 AI/CAPS/diagnostics safety,-5
CONTENT-FACTORY-004,0,Content Factory,Registry-backed coverage,x,high,Replace hardcoded launch coverage targets with file-backed Content Factory coverage targets.,Verify,backend,docs/backlog/pr_cf_004_registry_backed_coverage.md; docs/release/content_factory_refreshed_status.md,Implemented locally; CI/staging/runtime evidence remains required.,PR-CF-004 Registry-backed coverage,100
CONTENT-FACTORY-005,Content Factory control plane foundation,content-factory,implemented-local,CI/staging/promotion proof pending
CONTENT-FACTORY-007,All-scope staging verification and readiness reports,content-factory,implemented-local,CI/staging/promotion proof pending
